{
    "Ridge": {
        "best_params": {
            "alpha": 10
        },
        "r2_mean": 0.6312886519008571,
        "r2_std": 0.01558705446231405,
        "mse_mean": 0.0252577788922268,
        "mse_std": 0.0008717387227029234,
        "mae_mean": 0.11653408848146991,
        "mae_std": 0.0015528934836309678
    },
    "Lasso": {
        "best_params": {
            "alpha": 0.001
        },
        "r2_mean": 0.6351370610756699,
        "r2_std": 0.014222630271668263,
        "mse_mean": 0.025002900733311427,
        "mse_std": 0.0010014527556389458,
        "mae_mean": 0.11553578902065798,
        "mae_std": 0.001835363999186323
    },
    "RandomForest": {
        "best_params": {
            "max_depth": 5,
            "min_samples_split": 2,
            "n_estimators": 500
        },
        "r2_mean": 0.6323486493254948,
        "r2_std": 0.017727153007356965,
        "mse_mean": 0.025173068328766667,
        "mse_std": 0.000702857769650604,
        "mae_mean": 0.11564621732144283,
        "mae_std": 0.001423782433801374
    },
    "XGB": {
        "best_params": {
            "learning_rate": 0.01,
            "max_depth": 2,
            "n_estimators": 500
        },
        "r2_mean": 0.6378466664267209,
        "r2_std": 0.01724213346069564,
        "mse_mean": 0.024795295128632825,
        "mse_std": 0.0006149325345067666,
        "mae_mean": 0.1151064856104631,
        "mae_std": 0.0012703272096645226
    },
    "MLP": {
        "best_params": {
            "alpha": 0.001,
            "hidden_layer_sizes": [
                50,
                50
            ],
            "learning_rate_init": 0.01
        },
        "r2_mean": -14.82386233291933,
        "r2_std": 9.784847706445882,
        "mse_mean": 1.1115183477356643,
        "mse_std": 0.7094737048034286,
        "mae_mean": 0.46207844983477936,
        "mae_std": 0.11161006889629468
    }
}