{
    "Ridge": {
        "best_params": {
            "alpha": 10.0
        },
        "r2_mean": 0.6312886519008571,
        "r2_std": 0.01558705446231405,
        "mse_mean": 0.0252577788922268,
        "mse_std": 0.0008717387227029234,
        "mae_mean": 0.11653408848146991,
        "mae_std": 0.0015528934836309678
    },
    "Lasso": {
        "best_params": {
            "alpha": 0.01
        },
        "r2_mean": 0.6070292901333778,
        "r2_std": 0.011140018509349092,
        "mse_mean": 0.02694531314929688,
        "mse_std": 0.0012495463382393797,
        "mae_mean": 0.12248494240790238,
        "mae_std": 0.0021518984697923484
    },
    "RandomForest": {
        "best_params": {
            "max_depth": 5,
            "n_estimators": 200
        },
        "r2_mean": 0.6326032719818834,
        "r2_std": 0.017460123758268466,
        "mse_mean": 0.02515532925790499,
        "mse_std": 0.0006663001409497393,
        "mae_mean": 0.11578120155661356,
        "mae_std": 0.0012338351420527827
    },
    "XGB": {
        "best_params": {
            "learning_rate": 0.1,
            "max_depth": 3,
            "n_estimators": 100
        },
        "r2_mean": 0.6364895131570879,
        "r2_std": 0.01648324304989149,
        "mse_mean": 0.024896439001017602,
        "mse_std": 0.0008014086659881133,
        "mae_mean": 0.11507355957209005,
        "mae_std": 0.0016460728403138686
    }
}